card_id;ssn;Name;Address;phone
1;850473740;Mark Morgan;5677 Coolidge Street,Plano,TX;4699041438
2;256954382;Eric Warren;9062 Schurz Drive,Dallas,TX;2147018127
3;256515268;Robert Harper;7786 Sachs Place,Plano,TX;2148755911
4;976952914;Donna Franklin;3 Magdeline Terrace,Plano,TX;2148006127
5;906633588;Linda King;41260 Kedzie Terrace,Dallas,TX;4692132549
6;206267141;Judy Holmes;6583 Manitowish Hill,Dallas,TX;9728985909
7;898613567;Deborah Lawrence;2 Hermina Trail,Dallas,TX;9729002951
8;644250492;Adam Johnston;05671 Norway Maple Court,Dallas,TX;4697430176
9;678124697;Pamela Carr;1848 Fordem Avenue,Richardson,TX;9722479852
10;562337951;Daniel Fisher;400 Cody Lane,Plano,TX;2148917743
11;441907753;Stephen Fields;99 Fair Oaks Drive,Plano,TX;2148013069
12;305533736;Walter Ferguson;814 Sutteridge Point,Dallas,TX;4699458172
13;634616311;Paul Cook;58295 Pierstorff Pass,Richardson,TX;4699320168
14;661246360;Roy Smith;563 Fairview Park,Dallas,TX;2149114724
15;350838412;Michelle Gardner;28309 Paget Court,Plano,TX;4699742681
16;439755475;George Powell;31 Clove Crossing,Dallas,TX;9728857291
17;431615822;Nicholas Hudson;29 Esker Trail,Dallas,TX;4696984000
18;879827179;Linda Henderson;117 Katie Center,Dallas,TX;4699970832
19;484961826;Gregory Fowler;42454 Hermina Plaza,Dallas,TX;2149368301
20;562527080;Carol Sanders;99600 Moland Way,Dallas,TX;2147621061
21;876615170;Mark Hamilton;76425 Dixon Hill,Dallas,TX;9728027903
22;139711123;Anthony Brown;8691 Walton Terrace,Dallas,TX;9729473376
23;239166210;James Rivera;4 Golden Leaf Trail,Dallas,TX;2147618129
24;283067717;Tammy Cole;22 Atwood Parkway,Dallas,TX;4692921882
25;371609878;Donald Bowman;196 Golf View Terrace,Dallas,TX;2149566083
26;438787652;Susan Gomez;601 Warbler Point,Richardson,TX;9728771341
27;893371519;Juan Martin;846 Johnson Circle,Dallas,TX;2148285694
28;434925388;Samuel Bailey;1367 Northport Drive,Dallas,TX;9729722250
29;444509807;Paul White;24775 Melvin Place,Dallas,TX;4694594087
30;557410386;Gregory Clark;259 Porter Avenue,Dallas,TX;9729795771
31;123991439;Steven Wood;852 Darwin Alley,Dallas,TX;2149842801
32;507262481;Jessica Fuller;975 Carpenter Parkway,Dallas,TX;9729565055
33;258335117;Donna Greene;86 Delladonna Lane,Dallas,TX;4699696535
34;876944518;Edward Ford;34 Fulton Circle,Dallas,TX;2148691555
35;153208011;Steve Torres;781 Loeprich Alley,Dallas,TX;4699647789
36;881793670;Alice Rivera;79 Dayton Center,Dallas,TX;2148413416
37;878615560;Jessica Freeman;27997 Loftsgordon Lane,Dallas,TX;2148354205
38;728844113;Kenneth Harrison;25074 Holmberg Park,Richardson,TX;9727741504
39;792174540;Betty Austin;4 Schmedeman Terrace,Dallas,TX;9729277561
40;433053698;Irene Gonzalez;820 Oxford Crossing,Dallas,TX;2148655203
41;132213747;Charles Foster;850 Summerview Crossing,Dallas,TX;4699106688
42;457939804;Gregory Perez;57 Bluejay Pass,Dallas,TX;9724338549
43;906161095;Jose Stone;93 Waywood Parkway,Dallas,TX;9729918017
44;882366316;Patrick Moore;78 Crest Line Road,Dallas,TX;2149502446
45;728963473;Louis Lynch;12197 Kinsman Center,Dallas,TX;4698204208
46;377441238;Matthew Snyder;169 Mayfield Park,Richardson,TX;4698555018
47;582627069;Sara Wagner;24827 Twin Pines Junction,Richardson,TX;4699145869
48;577822947;Louise Long;6 Haas Center,Dallas,TX;2149390517
49;216536968;Judy Hamilton;65364 Mosinee Center,Dallas,TX;9728472849
50;202403427;Evelyn Young;4788 South Street,Dallas,TX;2148649776
51;897568517;James Moore;9089 Lunder Parkway,Dallas,TX;4698304056
52;923847867;Clarence Romero;68501 Michigan Street,Plano,TX;9729821803
53;539630143;Jennifer Smith;3 Cordelia Terrace,Dallas,TX;4699635598
54;636251591;Jack Baker;01441 Eastlawn Place,Dallas,TX;9729091277
55;622935915;Amy Nguyen;79 Rigney Circle,Dallas,TX;2149052261
56;823008890;Maria Stevens;5348 David Point,Plano,TX;9729925831
57;534077079;Teresa Carpenter;6280 Spenser Lane,Dallas,TX;9729082593
58;203688563;Roy Arnold;7548 Dunning Junction,Richardson,TX;2149909053
59;457751314;Randy Stewart;5004 Emmet Park,Dallas,TX;4694222991
60;524730400;Brenda Fernandez;335 Forster Alley,Dallas,TX;2149206944
61;344668375;Janet Thompson;1 Chinook Place,Plano,TX;9729868081
62;716553314;Billy Ortiz;4 Hintze Court,Dallas,TX;4698081346
63;869295873;Edward Hawkins;96231 Northland Plaza,Dallas,TX;9727983752
64;218816261;Mark Morgan;5 Miller Lane,Dallas,TX;4697846546
65;913501956;Carolyn Morgan;975 Golf View Place,Dallas,TX;4696748726
66;749408693;Tina Weaver;5414 Green Ridge Street,Dallas,TX;4698400879
67;992926136;Eric Taylor;6 Fisk Pass,Dallas,TX;2147147652
68;378071662;Ruth Henry;84 Hermina Street,Dallas,TX;9729342054
69;388449990;Phillip Perkins;84771 Bartelt Trail,Dallas,TX;2149174226
70;288230361;Annie Welch;80 Stuart Road,Dallas,TX;9725161320
71;509441761;Lois Hunter;49 Blaine Lane,Plano,TX;9728091141
72;704795907;Lisa Cook;4412 Lakewood Gardens Plaza,Richardson,TX;9726539871
73;948308402;Kathleen Harvey;13 Grayhawk Hill,Dallas,TX;4695477753
74;651576305;Diane Stevens;0091 American Circle,Dallas,TX;4699421364
75;908632676;Samuel Young;0157 Holmberg Street,Richardson,TX;4699185729
76;727253782;Mark Riley;4900 Thompson Court,Dallas,TX;9727672036
77;775325935;Bonnie Ross;0 Walton Court,Richardson,TX;9727666908
78;402350549;Elizabeth Arnold;952 Sage Pass,Dallas,TX;2149672424
79;270866950;John Walker;2 Packers Crossing,Dallas,TX;4697965094
80;982119636;William Simmons;1232 Hayes Crossing,Dallas,TX;9729037706
81;757385276;Lisa Kelley;3718 Twin Pines Way,Dallas,TX;9729000487
82;980242372;Carl Larson;096 Goodland Parkway,Dallas,TX;4695502228
83;444734007;Brandon Anderson;8 Leroy Circle,Dallas,TX;4699939270
84;278334174;Gloria Myers;03 Elmside Center,Plano,TX;4698533967
85;772259640;Daniel Freeman;9584 Elka Place,Dallas,TX;9727699270
86;232984647;Judith Mitchell;2506 Merchant Terrace,Dallas,TX;9729029669
87;937385159;Alan King;958 Burrows Street,Dallas,TX;2145835636
88;327803166;Steve Phillips;45557 Jana Court,Dallas,TX;9729379620
89;405927423;Brenda Butler;5 Calypso Avenue,Dallas,TX;9728926177
90;133378900;Patricia Spencer;65143 Union Lane,Dallas,TX;2149099264
91;227646193;Larry Olson;50299 Lien Parkway,Dallas,TX;9729657073
92;272416460;Victor Sullivan;272 Milwaukee Point,Plano,TX;9727594852
93;318950284;Kathryn Taylor;2952 Thackeray Point,Dallas,TX;2148620958
94;729228562;Rachel Little;755 Kropf Pass,Dallas,TX;9727977226
95;783549793;Donald Richardson;951 Chive Avenue,Dallas,TX;9729346450
96;131525777;Stephen Chapman;0 Lunder Alley,Dallas,TX;2149871376
97;335185473;Harold Richardson;76743 Burrows Court,Dallas,TX;4698991924
98;933152171;Ernest Palmer;6 Upham Drive,Dallas,TX;9729422638
99;595383883;Pamela Matthews;2 Green Lane,Dallas,TX;2149440666
100;808447643;Jason Campbell;6 Raven Court,Dallas,TX;9728114885
101;924160243;Joyce Fuller;45900 Iowa Way,Dallas,TX;4699063524
102;348539608;Andrea Bailey;33 Cardinal Alley,Richardson,TX;9728465566
103;379160722;Denise Perry;68 Old Shore Lane,Dallas,TX;2149913418
104;997924787;Michael Jacobs;0 Brentwood Place,Richardson,TX;4699249727
105;664955489;Catherine Reid;41544 Anniversary Crossing,Plano,TX;2149488236
106;424122851;Aaron Romero;844 Union Way,Dallas,TX;9725355154
107;295193279;John Warren;9127 Farragut Center,Dallas,TX;4699235725
108;806922733;Steve Garrett;729 Kenwood Court,Richardson,TX;2147031311
109;466926624;Jimmy Ellis;8 Nevada Place,Dallas,TX;9727428738
110;454648101;Jose Perez;4463 Commercial Circle,Richardson,TX;4698523133
111;909186864;Katherine Dean;4978 Cordelia Way,Dallas,TX;9728867232
112;203549198;Ashley Jackson;676 David Road,Dallas,TX;4699760450
113;177458737;Kathryn Hart;29 Dexter Circle,Dallas,TX;9729003590
114;279966074;Dennis Ruiz;18784 Browning Circle,Dallas,TX;9729741505
115;561913511;Sharon Cox;4 Hoffman Street,Dallas,TX;2149150820
116;325124236;Ruby Burke;5 Swallow Avenue,Dallas,TX;9729288965
117;537250563;Jerry Stewart;54494 Kenwood Trail,Dallas,TX;4698175662
118;508365238;Howard Fisher;2 Reinke Lane,Plano,TX;9723256683
119;663897131;Eric Phillips;578 Westend Pass,Dallas,TX;9728930831
120;582890521;Albert Cruz;04 Shopko Way,Dallas,TX;9724714420
121;112244907;Timothy Harrison;04099 Anhalt Place,Dallas,TX;2148497879
122;593248597;Ronald Phillips;4632 Brentwood Hill,Dallas,TX;4699454638
123;152069743;Antonio Bishop;212 Memorial Lane,Richardson,TX;4698358047
124;917730651;Howard Green;9 Florence Trail,Dallas,TX;2148758195
125;550664068;Willie Murphy;09 Loeprich Parkway,Richardson,TX;2149545495
126;151320622;Christine Washington;95086 Eliot Alley,Dallas,TX;4698445383
127;363529311;Angela Ellis;61 Chinook Avenue,Dallas,TX;4699127557
128;498979543;Kathy Wagner;1 Columbus Crossing,Plano,TX;2149582980
129;109593700;Antonio Carr;6996 Arizona Avenue,Dallas,TX;4697240803
130;919117074;Samuel Ellis;69968 Meadow Ridge Alley,Dallas,TX;4699578249
131;532193189;Bruce Williamson;51 Maywood Place,Richardson,TX;2149696651
132;186612257;Ruby Mcdonald;031 Ohio Lane,Dallas,TX;2149705621
133;758820981;Jack Larson;43086 Dexter Way,Dallas,TX;4699136292
134;789850156;Tammy Hunter;08 Marquette Pass,Dallas,TX;2149190495
135;144612857;Mildred Richards;6863 Warbler Crossing,Dallas,TX;4696367310
136;812344775;Janet Dixon;1 Ridgeway Terrace,Dallas,TX;9723819665
137;605135959;Antonio Hamilton;2545 Lerdahl Center,Dallas,TX;2148866681
138;873831740;Louise Jordan;7326 Reindahl Point,Dallas,TX;9725189421
139;992254077;Linda Hunt;710 Lighthouse Bay Point,Dallas,TX;9727547045
140;222460064;Joan Webb;90 Bashford Avenue,Dallas,TX;4699550632
141;135711523;Kevin Frazier;47 Bluejay Hill,Dallas,TX;9729653683
142;490888407;Todd Schmidt;4 Lakeland Pass,Dallas,TX;2149036828
143;797954607;Andrea Sims;898 Killdeer Pass,Dallas,TX;4699880761
144;959243477;Barbara Brooks;305 Mendota Plaza,Dallas,TX;4699588251
145;600790040;Kenneth Anderson;246 Shopko Drive,Richardson,TX;9729985406
146;704596830;Jessica Knight;36 Forest Park,Richardson,TX;4699610488
147;542879344;Dorothy Adams;2483 Melody Plaza,Richardson,TX;9728818472
148;634808812;Phillip Adams;4 Derek Point,Dallas,TX;9729180335
149;599726050;James Carpenter;6668 Ilene Court,Dallas,TX;2148208276
150;751570699;Amy Lopez;715 Westend Avenue,Dallas,TX;4698301019
151;570719526;Frank Gomez;61280 Mallory Parkway,Plano,TX;2149622973
152;585658864;Debra Rogers;4 Southridge Place,Richardson,TX;4697537894
153;784423645;Aaron Chapman;840 Messerschmidt Plaza,Dallas,TX;9727533651
154;327002811;Jerry Cruz;48314 Muir Crossing,Dallas,TX;2149738302
155;209645805;Gerald Mccoy;71113 Corry Circle,Plano,TX;4697583820
156;352525321;Matthew Ward;3726 Oneill Terrace,Plano,TX;9726682488
157;312336562;Marilyn Andrews;61664 Warrior Street,Dallas,TX;9728314215
158;585358539;Lawrence Coleman;0 Scoville Plaza,Plano,TX;4699873187
159;766726736;Sarah Burton;65230 Prairie Rose Point,Plano,TX;9727360106
160;519221664;Gerald White;82 Delaware Plaza,Plano,TX;2147745757
161;811232706;Shawn Robertson;9 Troy Alley,Dallas,TX;2149439366
162;983171073;Samuel Arnold;1748 Monterey Road,Dallas,TX;4697415231
163;153095087;Ruby Mcdonald;00621 Killdeer Crossing,Dallas,TX;4699415043
164;208162580;Lillian Kim;47585 Nova Drive,Dallas,TX;2147402312
165;604544201;Pamela Bradley;2 Lakewood Gardens Place,Richardson,TX;4698713326
166;764512571;Ralph Chavez;15739 Vera Plaza,Dallas,TX;2145985319
167;102721991;Martin Richards;8 New Castle Trail,Dallas,TX;4699760263
168;743821324;Chris Simmons;46833 Farmco Junction,Dallas,TX;4698100333
169;915276165;Martin Stevens;573 Oneill Hill,Dallas,TX;4695702393
170;615688488;Lisa West;55586 Ronald Regan Lane,Dallas,TX;9729984345
171;538661965;Daniel Marshall;3 Manitowish Crossing,Dallas,TX;4697304725
172;981953778;John Hicks;81 Northfield Place,Richardson,TX;9727271591
173;802736786;Roger Harrison;9 Meadow Vale Drive,Dallas,TX;4699415954
174;777087277;Teresa Thompson;06364 Gerald Street,Dallas,TX;9726701547
175;445902407;Arthur Freeman;51652 Russell Street,Dallas,TX;4699944509
176;909023006;Howard Simpson;95 Redwing Lane,Dallas,TX;9729100392
177;790101835;Christopher Spencer;6 Northfield Crossing,Dallas,TX;2148219650
178;847641856;Theresa Wood;0420 Westport Circle,Dallas,TX;4699941901
179;930978594;Lillian Wright;82972 Raven Road,Dallas,TX;9729605502
180;823594050;Sara Rogers;7 Twin Pines Circle,Dallas,TX;2149845323
181;831372302;Linda Richards;046 Harper Center,Dallas,TX;2149982489
182;139708042;Albert Cunningham;414 Summer Ridge Trail,Richardson,TX;9727163924
183;611169228;Debra Holmes;22 Bluejay Road,Plano,TX;9729548773
184;248335177;Jason Davis;82931 Cardinal Junction,Dallas,TX;2149699787
185;399388513;Justin Fowler;1958 Leroy Way,Dallas,TX;9729152410
186;515584650;Catherine Harris;4091 Doe Crossing Alley,Plano,TX;4699687984
187;911946409;Gary Reyes;06 Shelley Parkway,Dallas,TX;9729852014
188;952372293;Clarence Harvey;637 Blackbird Crossing,Dallas,TX;9727358046
189;866263470;Kathleen Lynch;0 Northview Center,Dallas,TX;4698589821
190;696871283;Angela Myers;07 Jenifer Point,Plano,TX;2149963258
191;525300056;Paula Roberts;2025 Annamark Court,Richardson,TX;2149191512
192;455251300;Marie Hudson;35523 Fulton Point,Richardson,TX;9729550047
193;300833012;Victor George;16 Butterfield Place,Plano,TX;4699820024
194;568537223;Judith Lane;59463 Havey Center,Dallas,TX;4699621701
195;219131583;Steven Carpenter;64 Rutledge Court,Richardson,TX;9727592760
196;628419882;Beverly Welch;0 7th Point,Richardson,TX;2147582027
197;553830248;Chris Cox;386 Coleman Avenue,Richardson,TX;2149021149
198;664423811;Heather Duncan;3 Acker Avenue,Richardson,TX;9729062444
199;932052280;Helen Cooper;90887 Ohio Trail,Dallas,TX;2147239307
200;359156568;Linda Dixon;0506 Boyd Plaza,Richardson,TX;2149400096
201;377036374;Eric Wood;730 Bonner Hill,Dallas,TX;9729597132
202;956775994;Brenda Brooks;4 Pennsylvania Hill,Dallas,TX;9729605440
203;262729956;Fred Crawford;00 Mariners Cove Terrace,Dallas,TX;9729781543
204;935261044;Alan Morris;2238 Debra Center,Dallas,TX;4697013591
205;575573479;Jimmy Watkins;91873 Colorado Crossing,Dallas,TX;4699333579
206;534352839;Keith Fisher;2 Muir Crossing,Richardson,TX;9729991883
207;487483434;Rose Oliver;3152 Thackeray Point,Dallas,TX;2149719384
208;282195051;Johnny Vasquez;809 Grover Circle,Dallas,TX;9728435554
209;198526239;Judith Dunn;337 Northview Point,Dallas,TX;9729991156
210;165453343;Roger Freeman;13 Farmco Way,Dallas,TX;4698549842
211;983870005;Richard Bailey;3108 Browning Park,Richardson,TX;2147180392
212;387201613;Ernest Palmer;66600 Pleasure Drive,Dallas,TX;2142381120
213;440220860;Janice Long;26577 Laurel Road,Dallas,TX;2149720889
214;589602564;Thomas Schmidt;0 New Castle Crossing,Plano,TX;4697459014
215;564077138;Kathryn Hayes;18504 Basil Hill,Dallas,TX;4698317793
216;106588800;Chris Perkins;14865 John Wall Center,Plano,TX;9729573368
217;664128122;Thomas Scott;449 Schurz Parkway,Dallas,TX;4699145396
218;394694479;Judy Richards;9420 Main Hill,Dallas,TX;4698718324
219;977891063;Janice Garrett;2998 Chive Place,Dallas,TX;2148096943
220;720120662;Raymond Peterson;892 Fairfield Point,Richardson,TX;4699475199
221;344038015;Marilyn Williams;0 John Wall Circle,Dallas,TX;2149928183
222;166809145;Teresa Reid;9224 Manufacturers Terrace,Dallas,TX;9724576436
223;628544529;Irene Medina;51 Southridge Pass,Dallas,TX;9729943852
224;763925219;Linda Carpenter;43 Dovetail Road,Dallas,TX;9728668440
225;468306717;Jonathan Harrison;113 Havey Crossing,Plano,TX;4699002769
226;716635871;Laura Graham;72346 Emmet Place,Dallas,TX;4698924249
227;462648746;Sharon Pierce;9 Clove Trail,Dallas,TX;9729305410
228;890274530;Katherine Boyd;90 Park Meadow Junction,Dallas,TX;2146525153
229;875977822;Brian Perkins;5988 Havey Street,Dallas,TX;9729732502
230;867848327;Eric Cooper;7 Granby Road,Dallas,TX;9729702642
231;907941254;Randy Stanley;94552 Linden Court,Dallas,TX;9728158835
232;319592633;Pamela Gutierrez;50236 Goodland Lane,Plano,TX;9729682569
233;145928000;Keith Perkins;9543 Farragut Road,Richardson,TX;2148040599
234;361703782;Scott Spencer;5 Lukken Junction,Dallas,TX;2147014621
235;992964866;Todd Bryant;418 Onsgard Hill,Dallas,TX;2149807359
236;916548159;Jose Anderson;2705 Ohio Junction,Dallas,TX;2145302752
237;133834824;Amanda Davis;1636 Norway Maple Place,Plano,TX;4699135733
238;712128661;Richard Cruz;69 Marquette Park,Richardson,TX;4699027741
239;325772883;Sara Walker;18924 3rd Circle,Dallas,TX;9729327544
240;974709717;Gloria Sanders;36961 Green Ridge Place,Dallas,TX;2149373306
241;584043187;Jonathan Harris;286 Merry Way,Dallas,TX;4698734473
242;152313951;Juan Fields;291 Marquette Parkway,Richardson,TX;9729167303
243;950883244;Wanda Mills;79024 Surrey Way,Dallas,TX;4699206298
244;315120643;Karen Davis;83 Holy Cross Drive,Dallas,TX;9728905755
245;328212988;Scott Montgomery;96247 Oriole Circle,Dallas,TX;9729295312
246;752038294;Michael Stevens;356 Shoshone Drive,Dallas,TX;4698035017
247;223105941;Andrea Baker;90 Heath Drive,Dallas,TX;4699301109
248;383362902;Marilyn Alexander;443 Dottie Circle,Dallas,TX;9724062617
249;556967003;Harry Alvarez;636 Express Way,Dallas,TX;2149545716
250;760251865;Rose Peterson;034 Shelley Drive,Dallas,TX;9728614171
251;196060978;Barbara Garcia;5690 Acker Road,Dallas,TX;4695178843
252;140562974;Ann Berry;37940 Morning Hill,Dallas,TX;9729187984
253;493924232;Paul Turner;75287 Pleasure Place,Dallas,TX;9727826768
254;353189662;Theresa Day;9 American Ash Crossing,Dallas,TX;9729094722
255;926428995;Andrew Gilbert;8 American Parkway,Dallas,TX;9728342804
256;741117814;Alice Turner;4 Namekagon Lane,Dallas,TX;2146606741
257;700238477;Julie Smith;61345 Namekagon Place,Dallas,TX;4698612346
258;390308158;Alice Carr;7564 Ohio Plaza,Dallas,TX;2145491687
259;941057192;Harry Baker;7 Straubel Center,Plano,TX;4695905412
260;949376371;Donna Cooper;1629 Summer Ridge Plaza,Dallas,TX;4699573027
261;947047262;Laura Rogers;7776 Summer Ridge Court,Dallas,TX;9727307675
262;443615562;Jessica Hicks;17138 Ryan Circle,Dallas,TX;4698156162
263;428097397;George Turner;4 Quincy Pass,Richardson,TX;2149582175
264;354538826;Joan Watkins;9601 Lerdahl Pass,Plano,TX;2148149170
265;757213141;Andrea Gonzalez;127 Russell Hill,Dallas,TX;9728095959
266;924179942;Billy Little;46 Autumn Leaf Junction,Dallas,TX;9729866001
267;778686617;Teresa Marshall;2 Sheridan Trail,Dallas,TX;4698842394
268;431200144;Benjamin Lynch;53 Tennyson Park,Dallas,TX;4698779851
269;851350300;Nancy Dixon;4 Dwight Street,Dallas,TX;9727703641
270;583406101;Jean Dunn;4 North Street,Dallas,TX;4699956149
271;125985061;Anthony Gardner;9823 Donald Terrace,Dallas,TX;9724323180
272;750841386;Benjamin Morrison;21 Oriole Terrace,Dallas,TX;2144096322
273;319093742;Anne Dixon;9579 Browning Crossing,Dallas,TX;9729076080
274;585900674;Denise Wallace;6021 Portage Park,Dallas,TX;9729404355
275;416383510;Linda Owens;13 Monterey Alley,Richardson,TX;2148363577
276;614685656;Larry Warren;2657 Mitchell Hill,Plano,TX;9729387212
277;984488111;Edward Hunt;6 Claremont Avenue,Dallas,TX;9727631900
278;446204077;Harry Mcdonald;22283 Farragut Place,Plano,TX;2148733156
279;154671759;Lawrence Wells;841 Delaware Place,Dallas,TX;2149767034
280;218701729;Martin Fuller;53309 Buhler Place,Dallas,TX;4696673361
281;685992971;Roger Ellis;74213 Charing Cross Circle,Dallas,TX;9729767863
282;551990871;Patrick Moreno;490 Rockefeller Lane,Dallas,TX;9729555269
283;156646797;Andrew Cole;30 Sunfield Pass,Plano,TX;2148797342
284;704857803;Joan Hudson;4 Everett Court,Dallas,TX;2149541417
285;491796292;Chris Powell;4 Jenifer Circle,Dallas,TX;4697267925
286;164908064;Anna Perez;1241 Graceland Court,Dallas,TX;4699962325
287;857940950;Debra Gray;251 Monterey Hill,Dallas,TX;4699734499
288;581462753;Annie Shaw;561 Cody Crossing,Plano,TX;2147641587
289;300468310;Shawn Martinez;19 Lunder Park,Dallas,TX;4699864161
290;691971438;Mary Graham;701 Cordelia Court,Dallas,TX;2146870840
291;239904011;Janet West;2308 Division Center,Dallas,TX;2149780541
292;702604201;Aaron Arnold;5886 Banding Trail,Dallas,TX;2149555863
293;253170796;Justin Brown;611 Green Plaza,Plano,TX;2149016023
294;547069057;George Torres;64206 Calypso Hill,Dallas,TX;9729254199
295;722289325;Brian Romero;4418 Green Ridge Terrace,Dallas,TX;4698259159
296;488011020;Lawrence Morris;42 Magdeline Pass,Dallas,TX;2149422979
297;947939771;Patrick Garcia;1 Nevada Parkway,Dallas,TX;4698276118
298;708326866;Ashley Moreno;067 Morning Park,Dallas,TX;4698696226
299;421790842;Aaron Ellis;1925 Grasskamp Alley,Dallas,TX;4699379272
300;554283296;Jimmy James;3 Knutson Way,Dallas,TX;9729308175
301;271284504;Maria Torres;56168 Arizona Drive,Dallas,TX;2149318328
302;453784845;Chris Owens;6 Browning Park,Dallas,TX;9727014889
303;556279759;Elizabeth Harvey;1995 Nelson Park,Dallas,TX;9729929375
304;212619406;Jane Baker;0062 Sunbrook Junction,Dallas,TX;4697546653
305;142068429;Lisa Kelley;272 Larry Drive,Dallas,TX;4699306637
306;205626313;Jonathan Diaz;18283 Brown Center,Dallas,TX;4699402479
307;592939926;Mildred Allen;5734 La Follette Point,Dallas,TX;4699462268
308;714971208;Linda Rogers;0590 Northport Drive,Dallas,TX;9729471564
309;949181878;Gary Garrett;5285 2nd Court,Dallas,TX;4699392476
310;454365067;Earl Hall;7755 Park Meadow Way,Dallas,TX;2148820672
311;586204125;Benjamin Bailey;72101 Elmside Parkway,Dallas,TX;2148963364
312;853104620;Angela Graham;5 High Crossing Crossing,Richardson,TX;9728781468
313;132687899;Dennis Hunter;7 2nd Place,Plano,TX;4699678745
314;618212736;Matthew Stevens;9603 Hansons Way,Dallas,TX;4698613808
315;852750048;Annie Freeman;7466 Gulseth Alley,Dallas,TX;9729210146
316;652374979;Richard Lawson;792 Dottie Circle,Dallas,TX;2145459387
317;953353551;Susan Allen;6 Morrow Alley,Dallas,TX;2147480451
318;269554900;Rose Coleman;26094 Loomis Alley,Dallas,TX;4698192212
319;398575624;Kathy Elliott;28 Boyd Pass,Dallas,TX;4699960439
320;769136801;Teresa Brooks;57699 Oak Circle,Richardson,TX;9727314160
321;781652211;Julie Lane;8261 Magdeline Road,Dallas,TX;2149308339
322;880145596;Jessica Day;80 Cascade Junction,Dallas,TX;2149471788
323;472473959;Billy Cruz;75 Mosinee Court,Dallas,TX;2147975929
324;628104874;Martha Mccoy;74 Claremont Park,Dallas,TX;2149151572
325;799418699;Frances Long;0 Schlimgen Alley,Dallas,TX;2149514800
326;826574791;Carolyn Duncan;1 Merry Place,Dallas,TX;2142798556
327;497334483;Ryan Mendoza;9 Myrtle Way,Dallas,TX;2148671887
328;733614241;Jerry Oliver;0 Vera Alley,Dallas,TX;4697348276
329;669726189;Juan Smith;3 Dixon Parkway,Dallas,TX;2149099366
330;867234679;Marilyn White;769 Mayfield Center,Dallas,TX;9729330968
331;410608961;Anne Moreno;60 Raven Pass,Dallas,TX;2148860662
332;381839299;Ruby Greene;328 Fallview Center,Richardson,TX;2148727995
333;186538147;Shawn Rivera;8 American Hill,Dallas,TX;9725282505
334;100082010;Tina Hamilton;24695 Di Loreto Crossing,Dallas,TX;9727556424
335;166295051;Benjamin Graham;08 New Castle Avenue,Dallas,TX;2149834311
336;869236916;Doris Bailey;5773 Eastlawn Center,Dallas,TX;4698011479
337;242209101;Jason Washington;3225 Vera Lane,Richardson,TX;9729310247
338;456040469;Evelyn Wilson;9873 Kim Center,Richardson,TX;4699015209
339;812937575;Steve Cunningham;5615 Mcbride Park,Dallas,TX;2148833172
340;696314035;Henry Howard;9 Lakewood Avenue,Dallas,TX;2148486192
341;399880576;Timothy Crawford;39384 Tony Terrace,Dallas,TX;9727292932
342;342525404;Todd Rose;8 Mosinee Plaza,Plano,TX;4698932893
343;699259472;Mary Nelson;8 Colorado Avenue,Dallas,TX;2142414452
344;188143830;Jason Watkins;74155 Welch Terrace,Dallas,TX;9729151343
345;562735031;Kathy Cole;8600 Anniversary Pass,Dallas,TX;2149937915
346;633542851;Albert Reyes;43 Transport Pass,Dallas,TX;4698084965
347;256935132;Aaron Harvey;1807 Prairieview Pass,Dallas,TX;2146329282
348;973816951;Jack Ward;5 Susan Plaza,Richardson,TX;9729184342
349;324711906;Dorothy Spencer;90651 Bellgrove Junction,Dallas,TX;9728928862
350;227595562;Lawrence Hunt;2 Randy Court,Dallas,TX;9729624743
351;931624904;Beverly Fernandez;480 Toban Lane,Richardson,TX;4699753330
352;625577457;Karen Johnston;3 Coleman Plaza,Dallas,TX;2147681518
353;285704379;Howard Gonzalez;7699 Dakota Terrace,Dallas,TX;2149056019
354;490164375;Dorothy Graham;9 Mcguire Alley,Richardson,TX;4696194224
355;246405583;Barbara Anderson;77 Ronald Regan Park,Richardson,TX;2149471531
356;697566815;Frances Willis;61438 Becker Park,Dallas,TX;4699005979
357;878941305;Martha Arnold;52279 Hauk Plaza,Dallas,TX;4699686237
358;721322687;Maria Medina;6 Gina Crossing,Dallas,TX;2148513813
359;842655010;Jonathan Fox;32 Springs Road,Dallas,TX;9729165884
360;657176421;Carlos Carter;96207 3rd Park,Dallas,TX;2149287624
361;422817045;Adam Ferguson;0 Summerview Court,Dallas,TX;2149575621
362;644090337;Nicholas Wheeler;756 Pleasure Circle,Dallas,TX;4699733255
363;903981679;Raymond Rogers;16 Monument Parkway,Richardson,TX;4698879227
364;847293619;Brandon Stevens;94647 Village Junction,Dallas,TX;2146936689
365;822625312;Lori Ferguson;49 Sachtjen Crossing,Dallas,TX;2149681515
366;629419551;Roy Turner;61544 Talmadge Drive,Richardson,TX;4699275678
367;235798503;Martha Warren;94 Vahlen Hill,Dallas,TX;9727763863
368;265907820;Ruby Anderson;0482 Haas Terrace,Dallas,TX;4698732923
369;694920573;Steven Bailey;8987 Lawn Park,Dallas,TX;4699388249
370;143302355;Melissa Perkins;0039 Hanson Court,Dallas,TX;9729953027
371;344692006;Ruby Ross;86591 Roxbury Circle,Dallas,TX;2149171080
372;566647874;Billy King;831 Sutherland Point,Plano,TX;2148466560
373;163658067;Mildred Sanchez;09 Annamark Circle,Dallas,TX;4698772424
374;588459557;Linda Duncan;09159 Charing Cross Way,Dallas,TX;9728773172
375;142746194;Janice Montgomery;661 Grasskamp Alley,Dallas,TX;2149058688
376;694583169;Robin Cox;0 Gerald Court,Dallas,TX;9727221586
377;513110091;Carol Howell;273 Sullivan Lane,Richardson,TX;2148311374
378;432497884;Doris Welch;74 Oakridge Alley,Dallas,TX;4699836603
379;204467713;Debra Kelly;0 Maywood Street,Dallas,TX;4699262312
380;597001738;Scott Morales;823 Sherman Point,Plano,TX;4698011210
381;221706594;Louise Murphy;7113 Carpenter Drive,Dallas,TX;4699881773
382;300485255;Jack Cruz;55322 Linden Point,Dallas,TX;4698960110
383;823597520;Teresa Carter;4757 Kingsford Street,Dallas,TX;2149641732
384;526530309;Eric Flores;0 Vera Center,Dallas,TX;2148682141
385;996226511;Louis Elliott;02 Jenna Trail,Dallas,TX;9725674117
386;688127828;Nicholas Evans;13 Russell Lane,Dallas,TX;2149753027
387;389899874;Evelyn Bailey;77832 West Park,Dallas,TX;9729789540
388;614079273;Arthur Ray;3079 Donald Point,Dallas,TX;4697542762
389;189818299;Shawn Burns;51 Nelson Plaza,Dallas,TX;4699788065
390;874300223;Henry Wallace;4139 Spaight Road,Richardson,TX;9725248949
391;841428500;Kathy Garcia;3657 Anhalt Trail,Richardson,TX;4698678069
392;933686811;Kenneth Sanchez;06600 Utah Crossing,Dallas,TX;9728100694
393;124811894;Carl Bishop;01 Goodland Junction,Dallas,TX;4697923214
394;255450108;Harry Tucker;8 Waubesa Parkway,Dallas,TX;2149254392
395;694431375;Christopher Marshall;34693 Warbler Junction,Plano,TX;2146463142
396;405109736;Russell Murphy;9552 Mandrake Center,Dallas,TX;2148433552
397;752918139;Jessica Carr;9 Sutteridge Pass,Dallas,TX;4699499851
398;324707021;Cheryl Moore;0 2nd Plaza,Dallas,TX;9722720101
399;903052325;Lori Carroll;879 Clarendon Alley,Dallas,TX;4699892206
400;323483150;Frank Martin;428 Lindbergh Way,Dallas,TX;9728021808
401;748297839;Joyce Allen;5911 Troy Pass,Dallas,TX;4699357570
402;203923954;Philip Gonzalez;2 Buhler Street,Dallas,TX;2149412219
403;483932540;Nicole Bell;69 Manitowish Lane,Dallas,TX;2149017334
404;235141141;Joseph Perry;45 Judy Trail,Dallas,TX;2149382436
405;138499901;Doris Peterson;56 Oxford Avenue,Dallas,TX;2149562812
406;311513288;Gregory Marshall;17 Eastwood Terrace,Dallas,TX;2148240301
407;359352008;Virginia Kelly;37408 Morrow Court,Plano,TX;9728399825
408;608209205;Beverly Hawkins;0 Hovde Terrace,Dallas,TX;4698141846
409;539337584;Scott Gonzalez;623 Westend Way,Dallas,TX;4699286396
410;407508210;Paul Mcdonald;334 Orin Avenue,Dallas,TX;9729941541
411;158214344;Dennis Duncan;05 Mitchell Hill,Dallas,TX;4699067817
412;146557699;Mary Ryan;24029 Nevada Way,Dallas,TX;4698276766
413;870931419;Victor Smith;0 Helena Point,Dallas,TX;2148283216
414;752503597;Ruby Murray;4920 Westend Court,Dallas,TX;2148596221
415;894844831;Jean Garza;91 Havey Plaza,Plano,TX;9727389037
416;327536005;Andrew Jordan;38498 Park Meadow Crossing,Dallas,TX;4697621505
417;868790477;Harry Marshall;24 Heffernan Crossing,Plano,TX;9729270592
418;409039079;Wayne Franklin;35 Continental Alley,Dallas,TX;2147419000
419;653599039;Lillian Gonzalez;9922 Arkansas Circle,Plano,TX;9728729248
420;718476143;Rachel Bishop;70227 Vernon Way,Dallas,TX;9727982559
421;841963890;Alan Lynch;332 Dayton Plaza,Plano,TX;2149308850
422;931944929;Carlos Ray;62 Monument Park,Dallas,TX;4699427494
423;720850355;Frank Taylor;5 Lien Center,Dallas,TX;2146215602
424;836238686;Melissa Burton;5 Springs Lane,Dallas,TX;4695670603
425;999282020;Anne Nelson;34365 Kropf Park,Dallas,TX;9729041974
426;919676865;Amanda Bailey;29 Continental Point,Dallas,TX;2148194931
427;362099834;Chris Duncan;35 Alpine Avenue,Dallas,TX;2149402965
428;762378033;Elizabeth Gibson;6602 Namekagon Way,Dallas,TX;9728637573
429;424501775;Keith Brown;471 Burning Wood Park,Dallas,TX;2148494296
430;221742881;Karen Sanchez;71 Old Gate Point,Dallas,TX;2149156512
431;467351217;Marilyn Meyer;3981 Lerdahl Point,Dallas,TX;9729565459
432;142418822;Harold Little;81271 Evergreen Lane,Dallas,TX;4698888096
433;626749990;Henry Dean;4913 Brentwood Center,Dallas,TX;4699502072
434;468997446;Joyce Rivera;3 Johnson Pass,Dallas,TX;4699823317
435;560851499;Marie Johnson;6 Graedel Street,Richardson,TX;9727014623
436;650876068;Aaron Clark;5169 Bashford Point,Plano,TX;2149314554
437;262558913;Anne Campbell;0140 Grover Place,Dallas,TX;2149621673
438;691111485;Janice Garrett;439 Prentice Hill,Dallas,TX;9729111842
439;772978655;Bobby Johnson;7 Moulton Crossing,Dallas,TX;4699485326
440;807937008;Fred Welch;0 Lukken Alley,Dallas,TX;2149553447
441;464188734;Laura Chapman;304 Lunder Hill,Richardson,TX;4698235855
442;307702725;Albert Castillo;2 Beilfuss Center,Dallas,TX;2147050297
443;528917558;Julia Oliver;42421 Farmco Street,Dallas,TX;9727805174
444;408530520;David Russell;57840 Laurel Alley,Dallas,TX;9728527339
445;520766004;Russell Montgomery;18 Hagan Pass,Dallas,TX;9723896002
446;660908261;Joe Price;1 Leroy Park,Dallas,TX;2145279098
447;799340025;Anthony Harrison;7123 Bunker Hill Junction,Dallas,TX;9729702532
448;870496647;Gregory Hudson;42 Park Meadow Park,Dallas,TX;9728839738
449;707638293;Michelle Chapman;29 Rieder Pass,Dallas,TX;9729117317
450;469391386;Chris Bailey;8 South Court,Dallas,TX;2149354761
451;553570780;Kevin Wood;0 Pierstorff Park,Dallas,TX;4698761298
452;316436159;Louise Spencer;4462 Blaine Avenue,Dallas,TX;2148775122
453;455512609;Ruth Lee;58 Waubesa Avenue,Dallas,TX;4699402041
454;995349938;Carolyn Alexander;634 Judy Pass,Dallas,TX;2148829567
455;149269323;Barbara Rivera;93 North Pass,Dallas,TX;9726967148
456;889469650;Adam Mcdonald;20734 Beilfuss Park,Dallas,TX;9728467469
457;242321789;Sara Graham;4992 Ridgeview Court,Dallas,TX;4695862569
458;900931217;Henry Spencer;919 7th Plaza,Dallas,TX;2149493097
459;669837441;Lillian Austin;8 Eagle Crest Way,Richardson,TX;4699802648
460;989791559;Jerry Pierce;16 Charing Cross Center,Dallas,TX;4695463297
461;336447837;Emily Ruiz;1 Claremont Junction,Plano,TX;2149615149
462;928580480;Lillian Baker;111 Village Plaza,Richardson,TX;4696437532
463;186052080;Ruth Butler;41052 Waubesa Lane,Richardson,TX;9727605201
464;922113673;Catherine Welch;666 Kim Crossing,Dallas,TX;9728952567
465;209549222;Howard Castillo;4069 Oneill Point,Richardson,TX;2143328692
466;352509918;Justin Sanders;2 Mayer Junction,Plano,TX;2148837551
467;651148311;Ronald Roberts;25 South Lane,Dallas,TX;9727031253
468;724315669;Jane Harrison;8070 Clarendon Parkway,Dallas,TX;4699070689
469;506888490;Benjamin Grant;89750 Kenwood Crossing,Dallas,TX;4699782012
470;581204224;Harry Miller;721 High Crossing Court,Dallas,TX;2148679998
471;878060469;Matthew Burke;735 Toban Park,Plano,TX;9729153614
472;246123136;Christine Chavez;560 Atwood Pass,Dallas,TX;2149376446
473;938959106;Eric Hernandez;80149 Haas Court,Dallas,TX;2149051189
474;734248047;Diana Jones;499 Pearson Junction,Dallas,TX;4698384299
475;829119179;Janet Rice;35291 Bunker Hill Way,Dallas,TX;2142913432
476;744910994;Diane Ruiz;36 Cambridge Park,Dallas,TX;4698885191
477;981131196;Theresa Russell;589 Northwestern Park,Dallas,TX;2148511236
478;770005747;Wayne Hunt;9818 Westend Center,Plano,TX;4699414660
479;842927572;Virginia Gordon;76 Tony Road,Dallas,TX;2149138462
480;737533435;Gloria Rice;9 Golf View Alley,Dallas,TX;2149209672
481;451562506;Mildred Butler;67 Westerfield Avenue,Dallas,TX;4692834838
482;368381777;Debra West;4799 Melody Parkway,Richardson,TX;9729666826
483;199369132;Nancy Wheeler;737 Doe Crossing Trail,Dallas,TX;9728983947
484;931762866;Lawrence Stone;8 Darwin Alley,Richardson,TX;2149499916
485;371288168;Rachel Reyes;6 Anniversary Alley,Richardson,TX;9729396714
486;435694707;Amanda Simpson;15 Dixon Street,Dallas,TX;9727401910
487;235323985;Lori Carroll;213 Forest Point,Dallas,TX;4699588957
488;148556625;Bobby Austin;62352 Pankratz Road,Richardson,TX;9729127272
489;253356885;Brenda Carpenter;6664 Prairie Rose Point,Dallas,TX;2149861471
490;817441979;Sharon Mason;33 Moulton Lane,Dallas,TX;9729011745
491;639314924;Joshua Ross;4376 Kropf Road,Dallas,TX;2149154707
492;926531333;Melissa Mccoy;08770 Moland Lane,Richardson,TX;4699264571
493;728549849;Bobby Kelly;79 Burning Wood Pass,Dallas,TX;2148601350
494;846650817;Jennifer Ortiz;25989 Mccormick Drive,Dallas,TX;4698747030
495;810704323;Chris Carter;50486 Grim Alley,Dallas,TX;4699161204
496;919266378;Christopher Gonzales;49163 Moose Point,Dallas,TX;2149596901
497;966294430;Albert Gibson;90 Lillian Trail,Dallas,TX;4699517990
498;435999670;Doris Rose;1891 Melrose Terrace,Richardson,TX;9728494915
499;416216778;Marilyn Jordan;61 Eagle Crest Junction,Richardson,TX;2147963512
500;306680158;Joe Bowman;26225 8th Road,Dallas,TX;9728828221
501;840123188;Denise Price;46 Knutson Drive,Richardson,TX;9724889450
502;332410512;Evelyn Edwards;7867 Nancy Park,Dallas,TX;9722091095
503;196027403;Kimberly Hernandez;2 Buell Drive,Dallas,TX;4697796890
504;388551450;Norma Boyd;35 Service Court,Dallas,TX;9728337491
505;395167095;Sharon Ramos;39 Daystar Hill,Dallas,TX;2148987050
506;541255056;Rachel Riley;01017 Jay Plaza,Dallas,TX;9728038359
507;132588039;Randy Jenkins;794 Buena Vista Road,Dallas,TX;4698949345
508;774384043;John Clark;0708 North Terrace,Dallas,TX;4699181359
509;495550985;Ruby Hansen;8756 Wayridge Drive,Dallas,TX;4699414442
510;739909261;Ashley Peters;28880 4th Alley,Dallas,TX;9728934339
511;377638268;Albert Garcia;0 Maple Terrace,Plano,TX;9729317094
512;150302288;Clarence Holmes;291 1st Terrace,Richardson,TX;2149526641
513;849928312;Julie Parker;3377 Dahle Street,Dallas,TX;2148769952
514;953431417;Michael Martinez;0967 Melrose Avenue,Dallas,TX;2149358776
515;337868085;William Berry;9 Hagan Street,Dallas,TX;2148851966
516;465958833;Gerald Burke;5175 Florence Center,Dallas,TX;4699997380
517;960839340;Linda Rodriguez;2427 Reindahl Park,Dallas,TX;9726645725
518;709911641;Terry Stephens;27291 Farragut Court,Dallas,TX;9728900078
519;423064282;Timothy Hunt;4219 Westport Hill,Richardson,TX;2149501960
520;622299732;Richard Cruz;813 Darwin Avenue,Dallas,TX;9728892210
521;631128701;Gregory Gomez;3993 American Circle,Dallas,TX;9728678273
522;699590681;Louise Garza;14760 Bobwhite Terrace,Dallas,TX;4698937918
523;762638070;James Adams;055 Alpine Way,Richardson,TX;9729254501
524;149421309;Victor Gardner;12141 Corscot Junction,Dallas,TX;9729622925
525;531675941;Ernest Lane;66226 Nova Way,Plano,TX;4699996823
526;156631943;Joe Griffin;205 Fuller Plaza,Dallas,TX;4699124055
527;664384205;Sean Kelly;3 Gerald Court,Dallas,TX;2149709971
528;662877945;Angela Turner;53 Colorado Pass,Plano,TX;4699452673
529;678628472;Jerry Howard;68198 Monterey Parkway,Dallas,TX;9729363734
530;216372770;Ashley Lopez;405 Hovde Way,Dallas,TX;9729564194
531;302510303;Albert Marshall;933 Claremont Avenue,Dallas,TX;9727718796
532;194033629;Michelle Williams;07 Marquette Road,Dallas,TX;4699217056
533;303318810;Sharon Wells;23 Twin Pines Parkway,Dallas,TX;9728415472
534;785254186;Doris Gordon;358 Pearson Court,Dallas,TX;4699451043
535;395228160;Patricia Long;76 Jana Place,Plano,TX;4697112650
536;374216461;Helen Lee;65137 Summerview Crossing,Dallas,TX;4696568757
537;746771077;Kimberly Collins;9629 Delaware Crossing,Dallas,TX;4697893606
538;376272540;Mary Dunn;6848 Sunbrook Parkway,Dallas,TX;2149612821
539;756453967;Amy Harper;5863 Boyd Drive,Dallas,TX;2149883185
540;873253246;Bobby Long;35 Paget Circle,Plano,TX;2149101295
541;447508678;Sara Young;71916 Sherman Point,Plano,TX;9729182624
542;303613106;Kathy Oliver;0 Victoria Junction,Dallas,TX;9727848364
543;693546232;Ruby Ray;17 Hermina Point,Dallas,TX;2149871219
544;107164727;Lori Schmidt;181 Rowland Hill,Dallas,TX;4697866455
545;160602907;Raymond Fox;1 Farwell Avenue,Dallas,TX;2149860132
546;192573114;Nancy Turner;1 Vermont Alley,Dallas,TX;2149844444
547;214137727;Gregory Richards;9 Vidon Street,Dallas,TX;2149115776
548;480372448;Lawrence Perez;6441 Derek Junction,Dallas,TX;9729327049
549;279032319;Thomas Pierce;73803 Prairieview Alley,Dallas,TX;2148377005
550;860315301;Steve Larson;6 Nobel Trail,Dallas,TX;4698188073
551;375320893;Aaron Coleman;62 Golden Leaf Crossing,Plano,TX;9729657245
552;335175061;Joe Daniels;916 Marcy Way,Richardson,TX;9728527588
553;273163483;Theresa Porter;8868 Blaine Pass,Dallas,TX;2148412263
554;690784766;Kathleen Crawford;44 Elmside Place,Dallas,TX;2144662521
555;371489808;Joe Bradley;90362 Kipling Plaza,Dallas,TX;2149349993
556;957050987;Paul Jacobs;512 Tennessee Place,Dallas,TX;2148428747
557;229108054;Andrew Reid;7654 Moland Terrace,Dallas,TX;9726104548
558;714898210;Ralph George;072 Merchant Trail,Dallas,TX;9729176796
559;401335380;Jeremy Brown;2 Old Shore Park,Plano,TX;4699823476
560;953585532;Nicholas Kennedy;2067 Jana Parkway,Dallas,TX;2149516843
561;818634715;Ronald Wells;37 Prairieview Parkway,Plano,TX;4696723875
562;984160277;Albert Gilbert;7169 Scoville Avenue,Dallas,TX;9725997668
563;762909837;Jason Turner;208 Summit Park,Dallas,TX;9729197729
564;229266155;Arthur Spencer;624 Kropf Terrace,Dallas,TX;4697904776
565;673359377;Bonnie Ray;20935 Vahlen Pass,Dallas,TX;4696900504
566;414826319;Carol Ryan;43 Sloan Avenue,Dallas,TX;4699593742
567;832184025;Kevin Little;244 Tony Center,Dallas,TX;2148656806
568;562281756;Todd Hall;3896 Corscot Circle,Dallas,TX;2146237406
569;243204627;Ralph Hart;16083 Lillian Crossing,Dallas,TX;4699161028
570;152911428;Ruby Martin;6 Merry Trail,Dallas,TX;4697811733
571;200924036;Julia Kim;30 Corscot Terrace,Richardson,TX;9728268872
572;869202424;Lawrence Reyes;70001 Lunder Pass,Plano,TX;4699527199
573;766566664;Ronald Rivera;0 Fuller Trail,Dallas,TX;4699776988
574;966339584;Kenneth Medina;652 Melody Avenue,Dallas,TX;4698152235
575;761709256;Angela Clark;916 Elka Place,Dallas,TX;9727269437
576;191210161;Diane Brown;4221 Petterle Junction,Plano,TX;9726337951
577;597211875;Jack Ward;00625 Warner Street,Dallas,TX;9728024440
578;175990098;Roger Powell;48387 Corben Junction,Dallas,TX;2148036520
579;541562611;Rachel Cook;214 Eastwood Hill,Dallas,TX;2148623951
580;454078145;Karen Burke;09242 Victoria Plaza,Dallas,TX;4698977697
581;947351972;Kimberly Robinson;26233 Oneill Junction,Dallas,TX;2148102174
582;679656095;Samuel Bryant;95 Pearson Pass,Dallas,TX;9725096994
583;522265924;Russell Berry;27 Moose Plaza,Plano,TX;2149697916
584;624877517;Paula Frazier;713 Havey Court,Dallas,TX;4697047407
585;502800344;Anna Rice;9 Lunder Center,Dallas,TX;4699601948
586;385994195;Diane Stanley;96 Roth Hill,Richardson,TX;2149558100
587;678088971;Billy Snyder;8170 Clarendon Crossing,Dallas,TX;9728838736
588;850269485;Juan Bailey;6 Logan Crossing,Plano,TX;9729549785
589;119174689;Patricia Green;27001 Mayfield Street,Dallas,TX;9728801670
590;640578903;Louise Harrison;4383 Forest Dale Hill,Plano,TX;9725916825
591;915815067;Scott Cunningham;1312 Kinsman Terrace,Dallas,TX;4699408227
592;287082149;Steve White;57 Vera Lane,Dallas,TX;9725733704
593;915626265;Brandon Jones;8845 Blackbird Terrace,Dallas,TX;2149828588
594;622622819;Rebecca Reed;012 Sunbrook Place,Plano,TX;4698001493
595;330901862;Kelly Hawkins;517 Bay Crossing,Dallas,TX;9728392019
596;159374167;Kenneth Hudson;16 Porter Trail,Dallas,TX;9729777399
597;332962350;Tammy Butler;0897 Amoth Hill,Dallas,TX;2149348616
598;179136812;Steven Lane;0185 Hollow Ridge Street,Dallas,TX;2149930045
599;640945337;Jean West;5487 Tomscot Place,Plano,TX;2148144521
600;381834152;Keith Mason;1 Norway Maple Park,Richardson,TX;4692377698
601;480061832;Jose Morales;36703 Pennsylvania Center,Dallas,TX;2149368952
602;360262573;Johnny Harris;816 Ramsey Pass,Dallas,TX;2148008878
603;271803746;Harold Romero;864 Clove Plaza,Dallas,TX;9729587058
604;161602246;Jose Phillips;726 Farwell Road,Dallas,TX;4699227795
605;968213159;Tina Nguyen;7814 Fairview Avenue,Dallas,TX;2148582813
606;994007169;Michelle Hill;70 Jana Plaza,Plano,TX;2148054933
607;164070343;Henry Powell;1 Arapahoe Plaza,Dallas,TX;4698619090
608;491057221;Donna Nelson;4 Homewood Alley,Dallas,TX;4697009754
609;511954134;Louis Perry;1655 Heffernan Pass,Dallas,TX;2148203573
610;196784374;Paul Lee;41406 Ridge Oak Parkway,Dallas,TX;9728106175
611;112602094;Diana King;65113 Saint Paul Court,Dallas,TX;9727489174
612;376036774;Evelyn Campbell;68 Mifflin Court,Dallas,TX;2147434130
613;277815111;Louis Howard;0 Lyons Park,Dallas,TX;9729413029
614;658051653;Irene Robinson;04 Fairfield Parkway,Dallas,TX;4699436537
615;155872365;Alice Armstrong;7068 Derek Alley,Dallas,TX;2149116490
616;665028900;Eugene Woods;56245 Graceland Way,Dallas,TX;9728328839
617;670325349;Louis Taylor;09508 Thackeray Center,Dallas,TX;2149320979
618;416312379;Deborah Owens;12322 Hayes Center,Dallas,TX;2149711946
619;346414220;Marilyn Collins;305 1st Crossing,Dallas,TX;9729274971
620;475067256;Virginia Gonzalez;03722 Huxley Point,Dallas,TX;2148643430
621;701285911;Helen Ryan;51 Kennedy Parkway,Dallas,TX;2149880720
622;646841183;John Myers;4 Mendota Junction,Dallas,TX;2144370969
623;748141656;Mary Collins;261 Almo Alley,Dallas,TX;4699875918
624;802790419;Raymond Carter;71 Eastwood Way,Dallas,TX;9728910800
625;124079804;Mary Ramos;6 Anderson Lane,Plano,TX;2149890536
626;311305644;Kathy Ferguson;20 7th Place,Dallas,TX;2146077944
627;156048304;Clarence Morales;4645 Homewood Trail,Plano,TX;2149000324
628;590287564;Teresa Campbell;0241 Bultman Point,Dallas,TX;2149300030
629;157330075;Roger Nguyen;249 Marquette Center,Dallas,TX;9729318604
630;326208507;Phyllis Long;9 Bluestem Circle,Dallas,TX;9726617458
631;536175051;Michael Taylor;18398 Florence Place,Dallas,TX;9728337591
632;906452011;John Watkins;1669 Ridgeview Hill,Richardson,TX;2149250299
633;336892349;Carolyn Garcia;9 Dapin Trail,Dallas,TX;2149202780
634;255256148;Donald Phillips;7 Alpine Alley,Dallas,TX;2148136913
635;292880298;Deborah Watson;75 Carey Parkway,Dallas,TX;4698091498
636;640786255;Annie Shaw;66820 Bunting Plaza,Dallas,TX;9729656678
637;847478564;Alan Price;84 Rutledge Junction,Dallas,TX;9727765854
638;126263636;Kathryn Morrison;59100 Onsgard Crossing,Dallas,TX;9728751440
639;471616333;Christopher Johnson;777 Ludington Terrace,Dallas,TX;9726799556
640;439038518;Joshua Bishop;0 Grim Place,Dallas,TX;2146005143
641;391222309;Ernest Jones;8085 Weeping Birch Alley,Dallas,TX;9729481978
642;897346632;Melissa Banks;578 Reindahl Trail,Dallas,TX;9729932150
643;985722421;Arthur Lane;26696 Steensland Court,Plano,TX;2149598756
644;325856108;Joyce Perkins;8 Bluestem Park,Dallas,TX;9729425394
645;506851419;Judith Sullivan;95194 Badeau Trail,Dallas,TX;9728908729
646;103273706;Billy Johnson;95272 Kensington Plaza,Dallas,TX;9728235333
647;378579726;Marie Bell;74 Anderson Avenue,Dallas,TX;4699910533
648;764947005;Jimmy Ford;14311 Merchant Court,Dallas,TX;4699373556
649;667375162;Alice Mccoy;6 Nelson Avenue,Dallas,TX;4698487697
650;946025323;Richard Matthews;121 Warrior Alley,Dallas,TX;9729630887
651;143593681;Daniel Foster;84 Charing Cross Avenue,Dallas,TX;9728380899
652;251350397;Earl Banks;0 Lindbergh Place,Dallas,TX;9729219987
653;709471259;Scott Rogers;9 Gulseth Circle,Dallas,TX;4699367824
654;211179786;Richard Baker;68093 Ridge Oak Junction,Dallas,TX;9729578835
655;375179234;Robin Mcdonald;3407 Old Gate Circle,Dallas,TX;9728582976
656;512450642;Victor Riley;219 Fair Oaks Park,Dallas,TX;2149327141
657;727220778;Anne Lopez;62 Truax Terrace,Dallas,TX;9729878304
658;315715729;Margaret Fisher;53744 Prentice Alley,Dallas,TX;4697112192
659;897194834;Amanda Perkins;629 Troy Way,Dallas,TX;9729372368
660;619765825;Linda Perry;83189 Esch Circle,Dallas,TX;2148653742
661;272908955;Wanda Lawrence;6239 Mandrake Alley,Dallas,TX;2147724765
662;100078344;Tina Mitchell;42613 Pankratz Hill,Dallas,TX;9727918636
663;392343414;Jacqueline Gordon;3603 Vernon Junction,Dallas,TX;9729795379
664;850035811;Betty Hunt;79 Welch Court,Dallas,TX;2146154372
665;190475767;Kevin Webb;156 Lukken Lane,Dallas,TX;2149477416
666;529874076;Joshua Evans;225 Dixon Center,Richardson,TX;2148824750
667;836542070;Kathleen Peters;5024 Park Meadow Park,Dallas,TX;2148382643
668;265541326;Marie Mason;651 Cody Trail,Dallas,TX;9729188605
669;941126153;Jean Morrison;68 Stuart Parkway,Dallas,TX;9727678868
670;190478274;Daniel Hudson;16609 Oak Valley Plaza,Dallas,TX;2149217666
671;318201054;Judith Dixon;8 Almo Court,Dallas,TX;9729082892
672;963642281;Roy Morales;05025 Muir Point,Dallas,TX;9726351013
673;531843873;Justin Marshall;972 Crownhardt Circle,Plano,TX;4697786036
674;635156122;Gregory Smith;59810 Erie Circle,Dallas,TX;9728680952
675;552290884;Deborah Reed;426 Swallow Hill,Richardson,TX;2149812497
676;578147271;Pamela King;1754 Pennsylvania Way,Plano,TX;2149890559
677;520659256;Alan Welch;1102 Magdeline Court,Richardson,TX;4699844212
678;393119047;Samuel Moore;41307 Grasskamp Drive,Dallas,TX;9728508906
679;343726326;Katherine Holmes;0 Rowland Avenue,Dallas,TX;9729543190
680;900262190;Harold Williams;7576 Vermont Plaza,Dallas,TX;2148897673
681;133852262;Evelyn Nguyen;590 Independence Circle,Dallas,TX;4697467480
682;824554537;Joe Cooper;1421 Linden Avenue,Plano,TX;4699771179
683;784922076;Helen Fernandez;70499 Michigan Circle,Dallas,TX;4698318504
684;151586475;Nicholas Gibson;2454 Clemons Crossing,Plano,TX;9729063742
685;122748518;Angela Tucker;50 Brentwood Crossing,Dallas,TX;9726505349
686;917444969;Amy Washington;93083 Elka Lane,Dallas,TX;9728172285
687;688025499;Gregory Sanchez;230 Briar Crest Road,Dallas,TX;9728608215
688;941812456;Terry Kennedy;55 Summer Ridge Point,Dallas,TX;2149451527
689;370795137;Charles Bradley;10 Kenwood Avenue,Dallas,TX;2147634487
690;972756100;Judy Gilbert;0 Roth Alley,Dallas,TX;2149178414
691;820059916;Paul Chapman;57011 Reindahl Terrace,Richardson,TX;4699189529
692;536887676;Cheryl Taylor;4916 Stang Hill,Plano,TX;4696029760
693;753824781;Linda Nelson;46 Lukken Hill,Dallas,TX;2147283594
694;617281448;Edward Harvey;2989 Leroy Point,Dallas,TX;4699998714
695;735503554;Carolyn Chapman;9524 Amoth Lane,Dallas,TX;2149472089
696;525502241;Jack Hudson;2 Claremont Drive,Dallas,TX;9725444023
697;534114411;Adam Gardner;907 Corben Alley,Dallas,TX;2145480751
698;363389674;Julia Pierce;8 Heath Avenue,Richardson,TX;4697015525
699;407531627;Janet Robertson;20 Mesta Plaza,Dallas,TX;2148362849
700;240041102;Maria Romero;188 Loeprich Drive,Richardson,TX;2148457095
701;472986371;Diana Rogers;58 Welch Place,Dallas,TX;4695026533
702;663090104;Evelyn Carter;8 Fair Oaks Alley,Plano,TX;4698250017
703;535555684;Bruce Armstrong;9 Memorial Junction,Plano,TX;2148755764
704;325184093;Janice Matthews;967 Mifflin Center,Dallas,TX;4699147781
705;371064026;Mildred Nelson;9598 Union Terrace,Dallas,TX;9724523908
706;222633734;Shawn Robertson;6590 Holy Cross Way,Dallas,TX;9726562026
707;276493884;Elizabeth Tucker;65 Fulton Court,Dallas,TX;2149876456
708;122239319;Dorothy Harper;83 Boyd Center,Dallas,TX;2148271293
709;323596505;Jack Woods;10 Crest Line Pass,Dallas,TX;2149429460
710;436605376;Eric Jordan;154 Redwing Way,Richardson,TX;4699243271
711;283972577;Marilyn Taylor;57 Farmco Park,Dallas,TX;2148067627
712;248172518;Timothy Edwards;109 Larry Road,Dallas,TX;2149749365
713;637482284;Carol Welch;121 Ohio Road,Dallas,TX;2148210016
714;164194566;Sandra Reed;1876 Westend Court,Plano,TX;4698969764
715;498448648;Jason Dunn;90950 Sherman Way,Richardson,TX;9727126791
716;741862253;Paula Jordan;0 Schurz Lane,Dallas,TX;2149561394
717;694721725;Willie Hernandez;46 Bluejay Crossing,Dallas,TX;4698691585
718;500830564;Chris Phillips;2563 Macpherson Avenue,Dallas,TX;2147955477
719;849331958;Juan Hayes;5 Melvin Junction,Dallas,TX;4696660063
720;398418926;Helen Lopez;2 Maryland Park,Richardson,TX;2149048793
721;642599156;Justin Porter;66 Lerdahl Street,Dallas,TX;4698200587
722;236999327;Johnny Garcia;85 Sloan Street,Dallas,TX;4699621344
723;590512989;Katherine Taylor;00 Carey Alley,Dallas,TX;4697550265
724;847744073;Jacqueline Howell;30 Meadow Valley Trail,Dallas,TX;9728174256
725;743839247;Earl Richards;431 Birchwood Court,Dallas,TX;2149594661
726;482297565;Clarence Woods;7 Schiller Road,Plano,TX;2149131723
727;209787735;Jessica Gonzales;645 Rutledge Road,Dallas,TX;9729383645
728;831596111;Matthew Warren;4561 Texas Lane,Dallas,TX;9729716529
729;280985533;Kathy Smith;8726 Packers Parkway,Dallas,TX;2149534343
730;925639699;Keith Collins;99196 Surrey Court,Dallas,TX;2147887439
731;556383135;Joan Garrett;43 Scoville Pass,Plano,TX;9729547260
732;434718048;Diane Little;11 Donald Road,Plano,TX;4696889174
733;372723479;Wanda Mendoza;34327 Sunbrook Hill,Dallas,TX;4695696125
734;657614433;Martin Nguyen;08974 Bowman Way,Dallas,TX;4699967003
735;967288561;Donald Andrews;8 Kennedy Terrace,Dallas,TX;9728283356
736;895974019;Ruth Weaver;46239 Kipling Terrace,Dallas,TX;2148024320
737;469609195;Patricia Gilbert;43 Mariners Cove Center,Dallas,TX;2148147712
738;286875683;Carlos Ford;0 Dovetail Avenue,Dallas,TX;2146588568
739;988746162;Louise Arnold;55 Mandrake Crossing,Dallas,TX;9729034805
740;284978780;Henry Nichols;08 Oak Valley Park,Richardson,TX;2149410961
741;186841844;Kathleen Hayes;72 Mcguire Road,Dallas,TX;4698954109
742;458940428;Bonnie Mccoy;83175 Cottonwood Way,Dallas,TX;2149132990
743;419298694;Jerry Montgomery;10 Northland Plaza,Dallas,TX;2148267806
744;219675666;Jessica Mccoy;09315 Trailsway Court,Dallas,TX;2149182939
745;372210737;Jean Ryan;801 Hooker Center,Richardson,TX;2149985831
746;338735511;Joyce Clark;360 Hovde Way,Dallas,TX;4698537767
747;593871261;Marilyn Cruz;4 Esker Plaza,Dallas,TX;4699477763
748;132702552;Christine Young;70 Meadow Valley Pass,Richardson,TX;9729897753
749;795843330;Marie Phillips;8 Pleasure Drive,Dallas,TX;4696030113
750;645657799;Ann Bryant;451 Sundown Drive,Dallas,TX;2149401980
751;338605273;Bruce Bailey;1228 Warner Hill,Dallas,TX;9727856558
752;171354592;Julie Fields;0 Hayes Alley,Dallas,TX;2142265537
753;872377791;Gregory Schmidt;998 Merchant Circle,Dallas,TX;9729908419
754;264348300;Marilyn Ryan;877 Forster Lane,Dallas,TX;4699002911
755;361846572;Julia Long;472 Forest Trail,Dallas,TX;9729348954
756;538333604;Victor Peterson;3653 Sage Parkway,Dallas,TX;2149654668
757;294410480;Sara Ruiz;75507 Center Way,Richardson,TX;2149888363
758;286274771;Roy Barnes;4505 Transport Drive,Dallas,TX;4695302193
759;528823250;Anthony Carpenter;61 Karstens Plaza,Dallas,TX;2149398741
760;774662989;Jessica Rodriguez;3969 Springview Court,Dallas,TX;4698468175
761;147967903;Craig Carter;3 Hayes Plaza,Dallas,TX;2149746461
762;126492208;Brandon Ellis;9617 Summit Terrace,Dallas,TX;4697678210
763;509310770;Richard Torres;19723 Cherokee Drive,Dallas,TX;9729153282
764;335363231;Janet Mcdonald;63455 Division Park,Plano,TX;4695862793
765;862425821;Raymond Campbell;495 Mallard Street,Dallas,TX;2148819579
766;430934149;Mark Fields;03 Menomonie Junction,Dallas,TX;9729194515
767;936046604;William Cox;2 Veith Junction,Dallas,TX;9728979587
768;795039664;Ruby Hansen;759 Mandrake Avenue,Dallas,TX;2149121668
769;737181574;Phillip Richards;29931 Northridge Trail,Dallas,TX;9727833567
770;286378304;Richard Jordan;76466 Milwaukee Lane,Dallas,TX;4699987983
771;314522705;Marie Perez;38 Summer Ridge Court,Dallas,TX;4696824358
772;574793097;Cheryl Butler;68 Maple Court,Dallas,TX;4694482582
773;835298866;Michelle Carpenter;99896 New Castle Trail,Dallas,TX;4697800762
774;496599897;Adam Cooper;74125 Laurel Center,Dallas,TX;2148128288
775;368199311;Nancy Shaw;347 Oak Plaza,Dallas,TX;2148495837
776;414222220;Ernest Gomez;34530 Donald Pass,Dallas,TX;9729663976
777;888893056;Wanda Wilson;3 Rockefeller Point,Dallas,TX;2147836562
778;572708409;Melissa Bailey;94627 Hoard Parkway,Dallas,TX;9728708953
779;114715828;Clarence Gray;797 Merrick Way,Dallas,TX;9729515685
780;104433663;Janice Hunter;3 Sheridan Trail,Dallas,TX;9728880899
781;329053664;Raymond Murray;3083 Crescent Oaks Road,Dallas,TX;9729008986
782;447699321;Bruce Hansen;88200 Johnson Alley,Dallas,TX;2148929528
783;937667915;Ryan Mccoy;27278 American Ash Avenue,Dallas,TX;4697866255
784;764896736;Jerry Fowler;0 Lighthouse Bay Circle,Dallas,TX;2146533127
785;134924609;Frank Harper;8 Fairview Drive,Dallas,TX;9728108573
786;571081675;George Garza;0 Granby Lane,Dallas,TX;4697585662
787;914591431;Sharon Olson;7705 Ridge Oak Plaza,Richardson,TX;9729824528
788;310912067;Kathryn Reed;086 Bunker Hill Way,Dallas,TX;9729372108
789;925522771;Randy Weaver;5 Del Mar Junction,Richardson,TX;2148537737
790;193137825;Linda Washington;8122 Sachtjen Circle,Richardson,TX;9729145391
791;799374997;Elizabeth Anderson;80 Dunning Circle,Dallas,TX;4698814443
792;981698236;Henry Kim;9861 Elmside Crossing,Dallas,TX;2149129599
793;124228351;Earl Morales;16 Manley Pass,Dallas,TX;2146510786
794;980981968;Howard Ford;31553 5th Place,Richardson,TX;9729407458
795;486259016;Tammy Fox;29405 Hauk Road,Dallas,TX;2149973240
796;765536457;Sarah Hicks;38 Lighthouse Bay Pass,Plano,TX;2149019314
797;750876481;Diana Montgomery;2 Welch Parkway,Dallas,TX;2146036856
798;796844632;Joan Boyd;393 School Plaza,Dallas,TX;4698829965
799;944129610;Barbara Simmons;678 Barnett Point,Dallas,TX;4694157518
800;604148118;Keith Carroll;46912 Veith Place,Dallas,TX;2148212150
801;554707857;Ruby Bryant;0502 Dorton Place,Dallas,TX;2145832918
802;968078691;Andrew Holmes;87963 Darwin Plaza,Dallas,TX;4699935278
803;848011355;Juan King;3344 Schlimgen Point,Dallas,TX;9728233180
804;522567195;Michael Warren;1 Northwestern Road,Dallas,TX;4699120181
805;263496672;Randy Wagner;28585 Iowa Pass,Richardson,TX;9729818393
806;916962811;Jose Kelly;088 Cambridge Trail,Plano,TX;9728329963
807;304185907;Peter Ford;3 Boyd Point,Dallas,TX;2149782937
808;381333107;Peter Edwards;70349 Hallows Way,Richardson,TX;2149916626
809;211110916;Louise Peters;79475 Morrow Pass,Dallas,TX;9729024551
810;343230976;Stephanie Perry;08750 Forest Dale Road,Dallas,TX;2148999004
811;792444178;Lawrence Adams;38 Forster Terrace,Dallas,TX;2149258866
812;443862495;Gregory Hansen;419 Longview Trail,Plano,TX;4698998651
813;797381593;Ralph Medina;74 High Crossing Lane,Plano,TX;4699539007
814;223838666;Joan Cooper;52 Fremont Road,Dallas,TX;9728420287
815;732676734;Karen George;560 Menomonie Plaza,Dallas,TX;4695513026
816;639561250;Theresa Cunningham;8148 Florence Drive,Dallas,TX;4698616774
817;506617033;Dennis Young;378 Carberry Place,Dallas,TX;2146022841
818;789558630;Joseph Castillo;4 Surrey Park,Dallas,TX;4699160494
819;100439457;Eugene Fisher;977 Gina Junction,Dallas,TX;9729265775
820;622930486;Elizabeth Medina;044 Prentice Center,Plano,TX;9729697931
821;236058310;Joyce Arnold;48306 Moulton Plaza,Plano,TX;9729588893
822;294259318;William Ramos;20 Red Cloud Trail,Richardson,TX;9729502750
823;317842700;Billy Reed;2 Loftsgordon Alley,Dallas,TX;9728530282
824;802257025;Scott Carr;9 Memorial Place,Dallas,TX;4699795007
825;713062568;Doris Carpenter;55093 Bunting Pass,Dallas,TX;9724136984
826;863244380;Aaron Kennedy;51078 Fisk Parkway,Dallas,TX;2149005041
827;957882521;Eugene George;32186 Katie Park,Dallas,TX;4696427160
828;971597462;Marilyn Washington;7639 Northfield Park,Dallas,TX;2145310051
829;778112383;Sara Patterson;938 Vermont Crossing,Dallas,TX;9728715585
830;432345988;Samuel Henry;031 Hintze Terrace,Dallas,TX;9728253266
831;110875003;Phillip Kennedy;41 Leroy Center,Dallas,TX;4699950612
832;862953192;Robin Welch;4 Texas Trail,Dallas,TX;9727782143
833;639001709;Rose Garrett;2384 Carey Road,Plano,TX;2148605621
834;687267934;Rebecca Meyer;38 Nelson Lane,Plano,TX;9729362303
835;648001339;Michelle Reid;7 Sunbrook Circle,Dallas,TX;4699412469
836;362560347;Judy Rice;49031 Saint Paul Avenue,Dallas,TX;4699351827
837;840088767;Kevin Carroll;36 Jana Lane,Dallas,TX;4699640568
838;268142587;Kathryn Owens;664 Clemons Hill,Dallas,TX;2148122116
839;211965010;Brian Elliott;28 Graedel Hill,Dallas,TX;9728573817
840;704935430;Keith Alvarez;73423 Mallard Park,Dallas,TX;9729853882
841;493280872;Christopher Hamilton;42 Johnson Place,Plano,TX;9727565173
842;104872254;Mildred Washington;093 Reindahl Alley,Dallas,TX;4698635699
843;634960779;Maria Patterson;435 Mockingbird Road,Dallas,TX;2146894556
844;973880017;Tammy Romero;77652 Quincy Junction,Dallas,TX;4696535925
845;701063601;Shirley Ellis;74 Boyd Circle,Dallas,TX;4699202738
846;948864146;Gerald Carter;6829 Aberg Park,Dallas,TX;2149941903
847;405843532;Sandra Diaz;73631 Arapahoe Plaza,Dallas,TX;2148323930
848;648261008;Joyce Miller;2 Annamark Center,Dallas,TX;9729616545
849;401787678;Edward Freeman;415 Di Loreto Plaza,Plano,TX;9729894204
850;138670395;Willie Griffin;990 Moland Lane,Dallas,TX;2149288621
851;576905231;Eugene Gibson;11945 Delaware Trail,Dallas,TX;9729544027
852;511597913;Beverly Carroll;7263 Mariners Cove Park,Dallas,TX;2149177386
853;427262369;Kevin Weaver;9746 Springview Lane,Dallas,TX;4699422408
854;981700822;Diana Collins;00 Stoughton Pass,Dallas,TX;9728045134
855;842926012;Melissa Cole;405 Lukken Park,Dallas,TX;9727868554
856;842482817;Willie Young;4 Bowman Lane,Dallas,TX;2149284186
857;420415414;Juan Nichols;8095 Grover Point,Dallas,TX;4698043343
858;571346457;Kevin Mason;132 Huxley Street,Dallas,TX;4699738133
859;977497404;Ronald Owens;160 Forster Court,Plano,TX;2149861282
860;625100221;Howard Mason;725 Shelley Street,Dallas,TX;9728849005
861;344023503;Scott Sullivan;3 Dottie Way,Dallas,TX;9728819868
862;217529370;Margaret Payne;706 Spenser Drive,Plano,TX;9727600404
863;676283465;Ashley Dixon;07278 Arizona Road,Dallas,TX;9728189660
864;927536184;Marilyn Vasquez;85753 Sommers Parkway,Plano,TX;2144358942
865;369132148;Amanda Olson;2 Thompson Hill,Dallas,TX;9729792331
866;275697155;Heather Fernandez;18106 Beilfuss Way,Dallas,TX;4698547653
867;993114983;Stephanie Diaz;52331 Monica Drive,Dallas,TX;2149128213
868;867837085;Roy Kelly;7053 Old Gate Alley,Dallas,TX;4699748373
869;466061410;Scott Chavez;3 Kingsford Avenue,Dallas,TX;4699633427
870;632921297;Donna Mitchell;4741 Kenwood Junction,Dallas,TX;2149513865
871;585802785;Louis Harris;2747 Rieder Plaza,Dallas,TX;2148863021
872;512233537;Henry Hansen;2900 Surrey Street,Dallas,TX;2149642420
873;772623065;Kathryn Porter;53 Dapin Parkway,Dallas,TX;9728448439
874;190887543;Anne Johnson;20069 Melvin Center,Dallas,TX;2149756054
875;329184164;Todd Taylor;97238 Onsgard Trail,Dallas,TX;2149373241
876;654195151;Julia Fernandez;34619 Marcy Crossing,Dallas,TX;9729669920
877;591028727;Craig Robinson;30 Sutteridge Point,Dallas,TX;4699190979
878;299370401;Nancy Shaw;5834 Village Crossing,Dallas,TX;2147882516
879;939583158;Lawrence Nichols;6423 Roth Park,Dallas,TX;2149252580
880;170663784;Jimmy Diaz;0301 Oriole Lane,Dallas,TX;4694730533
881;740804320;Bobby Mcdonald;3 Scoville Drive,Dallas,TX;9725277603
882;953634906;Jesse Cunningham;790 Marquette Hill,Dallas,TX;2149367626
883;200600963;Gregory Andrews;361 Sachs Crossing,Dallas,TX;2149730715
884;499388289;Tina Rogers;79 Forest Dale Road,Dallas,TX;4699849258
885;312188191;Henry Allen;9 Pennsylvania Street,Dallas,TX;9729392237
886;215991270;Carolyn Gordon;6 Fuller Avenue,Richardson,TX;4698295466
887;154271288;Louise Hudson;04798 Loeprich Alley,Dallas,TX;9729558037
888;772415591;John Vasquez;52 Darwin Park,Dallas,TX;4699781123
889;888061132;Kathryn Graham;45 Everett Pass,Dallas,TX;4699213046
890;992835801;Patricia Perkins;0 Heffernan Drive,Dallas,TX;9729718654
891;252884550;Henry Arnold;47 Becker Lane,Plano,TX;9724702949
892;534519042;Ruby Bishop;5 International Point,Dallas,TX;9729444239
893;292844463;Phyllis Dunn;8316 Calypso Court,Dallas,TX;2148350529
894;144303599;Louise Wood;000 Mccormick Plaza,Dallas,TX;9729145297
895;895441229;Tammy Shaw;0 Carey Parkway,Richardson,TX;2149052378
896;955039519;Eric Rivera;466 Tony Circle,Dallas,TX;9729329658
897;743940520;Joe Williams;748 Schlimgen Avenue,Dallas,TX;9728528033
898;140100901;Aaron Snyder;1 American Ash Avenue,Dallas,TX;2149369743
899;210062715;Louis Clark;4284 Norway Maple Lane,Dallas,TX;9728727570
900;357347649;Sarah Chavez;3 Schmedeman Court,Dallas,TX;9725241820
901;427388763;Robin Ellis;67445 Dunning Lane,Richardson,TX;9728661973
902;315418687;Jessica Davis;12957 Independence Drive,Plano,TX;9728425888
903;829971624;Lillian Stone;919 Judy Way,Dallas,TX;9728512126
904;347889624;Ruth Stanley;1 Warrior Pass,Dallas,TX;9729110228
905;840391806;Jesse Duncan;7787 Haas Hill,Dallas,TX;9726839815
906;637534929;Lori Hunter;39 Swallow Place,Richardson,TX;4696424787
907;136043559;Tammy Robinson;0378 Longview Plaza,Dallas,TX;4699332520
908;713246764;James Dunn;2 Luster Hill,Dallas,TX;2148499192
909;414662512;Earl White;3645 Ramsey Place,Dallas,TX;9729368134
910;613216220;Jeremy Rogers;91121 Moulton Plaza,Plano,TX;4698428404
911;733946852;Earl Chapman;45 Moulton Junction,Dallas,TX;9729977819
912;606730914;Dorothy Miller;52 Hazelcrest Crossing,Dallas,TX;2148033680
913;154973290;Anna Lopez;49 3rd Terrace,Dallas,TX;2149594100
914;369654229;Gary Fuller;59 Macpherson Crossing,Dallas,TX;2149689302
915;507572316;Angela Nguyen;45542 Rutledge Avenue,Dallas,TX;2149780162
916;325170156;Paula Frazier;916 Maywood Court,Plano,TX;2149341206
917;866100944;Daniel Johnson;76702 Caliangt Circle,Dallas,TX;4698288109
918;650993347;Raymond Burke;3001 Corscot Drive,Dallas,TX;4697490551
919;417253686;Anna Flores;730 Vera Avenue,Dallas,TX;2148209633
920;128675708;Kathleen Reed;89 Tomscot Street,Dallas,TX;2149410107
921;412580911;Linda Garcia;1 Luster Street,Dallas,TX;9729101369
922;312562889;Kevin Turner;3034 Kipling Drive,Dallas,TX;2148358339
923;122170911;Juan Dunn;18 Oak Drive,Dallas,TX;2148570040
924;548702653;Arthur Lane;79797 Fieldstone Circle,Richardson,TX;2148480150
925;922659466;Deborah Medina;4 Cambridge Park,Dallas,TX;9726795235
926;380746132;Lisa Castillo;856 Mitchell Junction,Dallas,TX;4699966025
927;148763309;Louis Rivera;210 Sunfield Trail,Dallas,TX;4699400843
928;648419002;Catherine Hunt;241 Gulseth Crossing,Dallas,TX;4699296433
929;253501861;Bobby Gomez;53 Kipling Place,Richardson,TX;4697478105
930;237321975;Johnny Jenkins;6757 Buena Vista Park,Dallas,TX;2147110231
931;304042180;Richard Sanchez;6 Bonner Road,Dallas,TX;2147898437
932;416328500;Fred Peterson;723 Emmet Avenue,Dallas,TX;2149290915
933;731412008;Gerald Jacobs;539 Pond Point,Richardson,TX;9729295037
934;680371075;Teresa Perry;67 Porter Center,Dallas,TX;4699377720
935;358571779;Joyce Watson;033 Fieldstone Pass,Dallas,TX;4699761235
936;399118418;Antonio Crawford;94232 Hudson Drive,Dallas,TX;4698180847
937;263345944;Shawn Hanson;88 Prairieview Terrace,Dallas,TX;4697123956
938;871141691;Sandra Hayes;8 Morning Parkway,Dallas,TX;9729011242
939;651258004;Jimmy Garrett;43 Clyde Gallagher Terrace,Dallas,TX;9729844957
940;484445282;Antonio Lawrence;08482 Merry Alley,Dallas,TX;9728433635
941;983140730;Marie Medina;7338 Pierstorff Circle,Richardson,TX;4698107312
942;716921888;Juan Allen;5 Victoria Alley,Dallas,TX;4699792886
943;309243620;Gerald Porter;11934 Upham Point,Dallas,TX;2147068751
944;776604123;Todd Brooks;7838 Moland Plaza,Dallas,TX;4697810440
945;679767522;Jean Rice;48712 Mockingbird Road,Dallas,TX;4699355450
946;729596353;Jack Day;2107 Kipling Plaza,Dallas,TX;2149136444
947;628483788;Amy Woods;5 Shoshone Crossing,Dallas,TX;4697734866
948;785132932;Raymond Greene;55619 Surrey Plaza,Dallas,TX;4699837473
949;101978660;Arthur Wright;158 John Wall Street,Dallas,TX;2149415089
950;946466223;Daniel Hunt;13709 Mariners Cove Center,Richardson,TX;9729152723
951;481286748;Julie Hamilton;6209 Ludington Pass,Dallas,TX;9728127230
952;864595290;Diana Garza;83139 Warrior Parkway,Dallas,TX;9728724808
953;370111197;Walter Cruz;463 Hanover Junction,Dallas,TX;9728369111
954;850059666;Mildred Ramirez;7 Anderson Lane,Dallas,TX;9728269318
955;475452130;Jean Gilbert;769 Colorado Center,Dallas,TX;4698506077
956;704230250;Frances Porter;16 Farwell Park,Dallas,TX;2149586327
957;847547019;Jane Carter;746 East Court,Dallas,TX;4698592686
958;316402743;Johnny Perry;5091 Melrose Court,Dallas,TX;4697832541
959;973447229;Donald Powell;1901 Laurel Pass,Dallas,TX;9729175123
960;597541860;Russell Morales;6 Continental Hill,Dallas,TX;4698331681
961;853028515;Earl Smith;73 Towne Hill,Dallas,TX;4699195433
962;961102631;Jane Phillips;9 Northland Place,Dallas,TX;4699815694
963;340382920;Ruby Black;01580 Main Alley,Dallas,TX;2148396582
964;650369913;Teresa Fernandez;50 Arrowood Circle,Richardson,TX;9729187531
965;940615781;Jacqueline Hamilton;792 Burrows Lane,Dallas,TX;9727855033
966;136336897;Anthony Elliott;82 Harper Lane,Dallas,TX;9729426006
967;780323564;Louise Henderson;58 Southridge Way,Dallas,TX;4698976813
968;174470894;Lillian Cruz;1202 Nevada Crossing,Dallas,TX;4695770003
969;235781401;David Davis;6266 Debs Place,Dallas,TX;2148647187
970;919558047;Janice Price;269 Farragut Trail,Dallas,TX;2149419869
971;687901452;Donald Palmer;12 5th Junction,Richardson,TX;4696774531
972;535619932;Donald Washington;978 Moose Plaza,Dallas,TX;9728447608
973;328033548;Jessica Jones;37 Melrose Court,Richardson,TX;9729060660
974;608660102;Amy Coleman;2562 Pond Junction,Dallas,TX;2149547729
975;894171936;Marie Ryan;4287 Canary Center,Dallas,TX;4699244203
976;882934808;Gloria Barnes;149 Columbus Avenue,Dallas,TX;2147970275
977;328502075;Charles Lawrence;7 Randy Terrace,Dallas,TX;9728138851
978;179356366;Patricia Hill;2506 Ridgeway Drive,Richardson,TX;4699329594
979;223328250;Ryan Young;40252 Lyons Terrace,Dallas,TX;2147424030
980;504764400;Willie Woods;99 Sunbrook Circle,Dallas,TX;2148102688
981;131826807;Cynthia Webb;6016 Leroy Way,Dallas,TX;2149752196
982;470800995;Joyce Cox;5027 Meadow Vale Way,Richardson,TX;9728324867
983;210876619;Debra Kim;303 Bashford Road,Plano,TX;4697474090
984;757760049;Louise Harrison;13 American Ash Place,Richardson,TX;2148978864
985;641176232;Douglas Day;264 Packers Place,Dallas,TX;4698682443
986;690306386;Jane Hughes;05 Tony Junction,Dallas,TX;9729639605
987;405007979;Joan Wagner;76837 Heath Trail,Dallas,TX;9728413593
988;697505730;Joyce Gibson;0605 Old Shore Avenue,Dallas,TX;4698404916
989;659023329;Paula Harrison;7 Swallow Pass,Dallas,TX;4696225174
990;647369732;Bobby Dunn;785 Graedel Place,Plano,TX;9729233432
991;659275045;Bonnie Ross;81741 Hallows Plaza,Dallas,TX;2149304665
992;923612260;Dennis Wheeler;8321 Mendota Crossing,Dallas,TX;2149327040
993;646301413;Jason Gutierrez;7 Pearson Way,Dallas,TX;9729908290
994;968117539;Diana Spencer;467 Menomonie Alley,Richardson,TX;9728509653
995;784776035;Jessica Thompson;73 Mandrake Center,Dallas,TX;9727283395
996;468324617;Sean Pierce;07 Laurel Park,Dallas,TX;4699873050
997;647495762;Alan Stewart;74154 Drewry Street,Dallas,TX;4699445061
998;345589435;Janice Robinson;7791 Maple Hill,Dallas,TX;9728556553
999;504575850;Barbara Carroll;5989 4th Avenue,Dallas,TX;2149992405
1000;362546087;Lori Mccoy;71 Evergreen Crossing,Dallas,TX;9729757324